name,commodity
AbraPlata Resource Corp.,Base metals
Adventus Mining Corporation,Base metals
Aldebaran Resources Inc.,Base metals
Altius Minerals Corp.,Base metals
ALX Resources Corp.,Base metals
American Creek Resources Ltd.,Base metals
Ascendant Resources Inc.,Base metals
Ascot Resources Ltd.,Base metals
Aston Bay,Base metals
ATAC Resources Ltd.,Base metals
Auramex Resource Corp,Base metals
Aurum Discovery,Base metals
Avidian Gold Corp.,Base metals
Azimut Exploration Inc.,Base metals
Azure Minerals Limited,Base metals
Balmoral Resources Ltd.,Base metals
BeMetals Corp.,Base metals
Buchans Resources Ltd.,Base metals
BWR Exploration Inc.,Base metals
Callinex Mines Inc.,Base metals
CanAlaska Uranium Ltd.,Base metals
Cantex Mine Development Corp,Base metals
Commander Resources Ltd.,Base metals
Conroy Gold and Natural Resources plc,Base metals
Constantine Metal Resources Ltd.,Base metals
CVK Mining Group,Base metals
Discovery Group,Base metals
Eagle Plains Resources Ltd.,Base metals
Eastfield Resources Ltd.,Base metals
"EDM-Empresa de Desenvolvimento Mineiro, SA",Base metals
Eldorado Gold Corporation,Base metals
EMX Royalty Corp.,Base metals
Entrée Resources Ltd.,Base metals
Erdene Resource Development Corp.,Base metals
Exiro Minerals Corp.,Base metals
FPX Nickel Corp.,Base metals
Geophysx Jamaica Ltd,Base metals
Globe Trotters Resource Group Inc.,Base metals
Globex Mining Enterprises Inc.,Base metals
Goldspot Discoveries Inc.,Base metals
Greg Exploration Inc.,Base metals
Hammer Metals Ltd,Base metals
Happy Creek Minerals Ltd.,Base metals
Harfang Exploration Inc.,Base metals
Ivanhoe Mines,Base metals
Lara Exploration Ltd.,Base metals
Laurion Mineral Exploration Inc.,Base metals
Longland Resources Ltd,Base metals
Lundin Group,Base metals
Manex Resource Group Inc.,Base metals
Manganese X Energy Corp.,Base metals
Metallic Group of Companies,Base metals
Midland Exploration Inc.,Base metals
Minera Tres Valles,Base metals
Mira Stone Ltd,Base metals
Mississauga Mining,Base metals
Montero Mining & Exploration Ltd.,Base metals
Moydow Resources Limited,Base metals
Murchison Minerals Ltd.,Base metals
New Age Metals,Base metals
New Pacific Metals Corp.,Base metals
Newmont Corporation,Base metals
Newrange Gold Corp.,Base metals
Nicola Mining Inc.,Base metals
NorZinc Ltd,Base metals
Opus One Resources Inc.,Base metals
Osisko Metals Incorporated,Base metals
Pacific Empire Minerals Corp.,Base metals
Palladium One,Base metals
Pancontinental Resources Corporation,Base metals
Panda Mining Pty Ltd,Base metals
Panthera Resources Plc,Base metals
Patagonia Exploracion S.A.,Base metals
Pavey Ark Minerals Inc.,Base metals
Peel Mining Ltd.,Base metals
Portofino Resources Inc.,Base metals
Power Ore Inc.,Base metals
Prolific Mining Corp.,Base metals
Prophecy Development Corp.,Base metals
Pucara Resources,Base metals
Red Cloud Securities Inc.,Base metals
Redstar Gold Corp.,Base metals
Rio Tinto,Base metals
RJK Explorations Ltd.,Base metals
ROKMASTER Resources Corp.,Base metals
S2 Resources Ltd.,Base metals
Searchlight Resources Inc.,Base metals
Sierra Metals Inc.,Base metals
Solitario Zinc Corp.,Base metals
South32 Limited,Base metals
Spirit Mining LLC,Base metals
Stratabound Minerals Corp.,Base metals
Strategic Exploration Group,Base metals
Strongbow Exploration Inc.,Base metals
Sun Peak Metals,Base metals
Talon Metals Corp.,Base metals
Telson Mining Corporation,Base metals
Tinka Resources Limited,Base metals
Transition Metals Corp.,Base metals
Trevali Mining Corporation,Base metals
Tri Origin Exploration Ltd.,Base metals
Valoriza Mineria SL,Base metals
Vior Inc.,Base metals
White Rock Minerals,Base metals
Wildsky Resources Inc.,Base metals
Windfall Geotek Inc.,Base metals
Wolfden Resources Corporation,Base metals
Ximen Mining Corp.,Base metals
Yukon Mining Alliance,Base metals
Zephyr Minerals Ltd.,Base metals
Anglo American,Coal
BHP,Coal
Jameson Resources Limited,Coal
Lundin Group,Coal
Morien Resources Corp.,Coal
Mosra Enerji,Coal
Orestone Mining Corp,Coal
Prophecy Development Corp.,Coal
South32 Limited,Coal
Teck Resources Limited,Coal
AbraPlata Resource Corp.,Copper
Adriatic Metals Plc,Copper
Adventus Mining Corporation,Copper
Aeris Resources Limited,Copper
Affinity Metals  Corp,Copper
Aldebaran Resources Inc.,Copper
Altamira Gold,Copper
Altius Minerals Corp.,Copper
ALX Resources Corp.,Copper
American Creek Resources Ltd.,Copper
Anglo American,Copper
Aquila Resources Inc.,Copper
Ascendant Resources Inc.,Copper
Ascot Resources Ltd.,Copper
ATAC Resources Ltd.,Copper
Auramex Resource Corp,Copper
Aurania Resources Ltd.,Copper
Aurora Minerals Group LLP,Copper
Aurum Discovery,Copper
AURYN Mining Corp.,Copper
Auryn Resources Inc.,Copper
Avino Silver & Gold Mines Ltd.,Copper
Azimut Exploration Inc.,Copper
Azure Minerals Limited,Copper
Balmoral Resources Ltd.,Copper
BeMetals Corp.,Copper
BHP,Copper
Blackstone Minerals Ltd,Copper
Brixton Metals Corporation,Copper
BTU Metals Corp.,Copper
BWR Exploration Inc.,Copper
Cabral Gold Ltd.,Copper
Callinex Mines Inc.,Copper
CanAlaska Uranium Ltd.,Copper
Candente Copper Corp.,Copper
Carube Copper Corp.,Copper
Centerra Gold Inc.,Copper
Century Global Commodities Corporation,Copper
Chakana Copper Corporation,Copper
China Gold International Resources Corp. Ltd.,Copper
Commander Resources Ltd.,Copper
Constantine Metal Resources Ltd.,Copper
Copper Fox Metals Inc.,Copper
Copper Mountain Mining Corporation,Copper
Copperzone Resources Limited,Copper
Cornerstone Capital Resources Inc.,Copper
Crystal Lake Mining,Copper
Discovery Group,Copper
Eagle Plains Resources Ltd.,Copper
Earthmetrix Inc.,Copper
Eastfield Resources Ltd.,Copper
"EDM-Empresa de Desenvolvimento Mineiro, SA",Copper
Elim Mining Incorporated,Copper
Ely Gold Royalties Inc.,Copper
EMX Royalty Corp.,Copper
Entrée Resources Ltd.,Copper
Ero Copper Corp.,Copper
Evrim Resources Corp.,Copper
Excelsior Mining Corp.,Copper
Exiro Minerals Corp.,Copper
Foran Mining Corporation,Copper
Forum Energy Metals Corp.,Copper
Galway Metals Inc.,Copper
Generation Mining Limited,Copper
Geomega Resources Inc.,Copper
Geophysx Jamaica Ltd,Copper
Globe Trotters Resource Group Inc.,Copper
Globmine LLP,Copper
Go Metals Corp.,Copper
Golden Arrow Resources,Copper
GoldMining Inc.,Copper
Gossan Resources Limited,Copper
GR Sliver Mining Ltd.,Copper
GT Gold Corp.,Copper
Hammer Metals Ltd,Copper
Happy Creek Minerals Ltd.,Copper
Harfang Exploration Inc.,Copper
High Power Exploration,Copper
International Millennium Mining Corp.,Copper
Ivanhoe Mines,Copper
Japan Gold Corp.,Copper
K92 Mining Inc.,Copper
Kutcho Copper Corp.,Copper
Lara Exploration Ltd.,Copper
Latin Metals Inc.,Copper
Libero Copper,Copper
Longland Resources Ltd,Copper
"Lumina Group, The",Copper
Lundin Group,Copper
MANAGEM Group,Copper
Manex Resource Group Inc.,Copper
Maya Gold & Silver Inc.,Copper
Metallic Group of Companies,Copper
Metals Group Inc.,Copper
Midland Exploration Inc.,Copper
Minaurum Gold Inc.,Copper
Minera Alamos Inc.,Copper
Mira Stone Ltd,Copper
Mirasol Resources Ltd.,Copper
Monument Mining Limited,Copper
Mundoro Capital Inc.,Copper
Nevada Copper Corp.,Copper
New Gold Inc.,Copper
Newcrest Mining Ltd.,Copper
Newmont Corporation,Copper
Newrange Gold Corp.,Copper
Nexa Resources S.A.,Copper
NioBay Metals Inc.,Copper
Noront Resources Ltd.,Copper
Northern Dynasty Minerals Ltd.,Copper
Northern Shield Resources Inc.,Copper
OceanaGold Corporation,Copper
Opus One Resources Inc.,Copper
Orestone Mining Corp,Copper
Pacific Empire Minerals Corp.,Copper
Pacific Trends Resources Pty Ltd,Copper
Palladium One,Copper
Pancontinental Resources Corporation,Copper
Panoro Minerals Ltd.,Copper
Panthera Resources Plc,Copper
Patagonia Exploracion S.A.,Copper
Peel Mining Ltd.,Copper
Playfair Mining Ltd.,Copper
PolyMet Mining Corp.,Copper
Power Ore Inc.,Copper
Prolific Mining Corp.,Copper
Quaterra Resources Inc.,Copper
Red Cloud Securities Inc.,Copper
Red Metal Resources Ltd.,Copper
Regulus Resources Inc.,Copper
Revelo Resources Corp.,Copper
Rio Tinto,Copper
Riverside Resources Inc.,Copper
Rockcliff Metals Corporation,Copper
ROKMASTER Resources Corp.,Copper
Romios Gold Resources Inc.,Copper
Royal Road Minerals,Copper
Rugby Mining Limited,Copper
Salazar Resources Limited,Copper
Sandstorm Gold Royalties,Copper
Searchlight Resources Inc.,Copper
Serengeti Resources Inc.,Copper
Sierra Metals Inc.,Copper
Sitka Gold Corp,Copper
SolGold,Copper
South32 Limited,Copper
SPC Metals,Copper
Sphinx Resources Ltd.,Copper
Spirit Mining LLC,Copper
Strategic Exploration Group,Copper
Stuhini Exploration Ltd.,Copper
Sun Peak Metals,Copper
Talon Metals Corp.,Copper
Teck Resources Limited,Copper
Tectonic Metals Inc.,Copper
Telson Mining Corporation,Copper
Tethyan Resource Corp.,Copper
Timberline Resources Corporation,Copper
Transition Metals Corp.,Copper
Trilogy Metals Inc.,Copper
Triumph Gold Corp.,Copper
Troilus Gold Corp.,Copper
Valoriza Mineria SL,Copper
Vizsla Resources Corp.,Copper
VR Resources Ltd.,Copper
Vulcan Minerals Inc.,Copper
Wealth Minerals Ltd.,Copper
Western Alaska Copper and Gold,Copper
Western Copper and Gold Corporation,Copper
White Rock Minerals,Copper
Windfall Geotek Inc.,Copper
Xiana Mining Inc.,Copper
Ximen Mining Corp.,Copper
Yorbeau Resources Inc.,Copper
Yukon Mining Alliance,Copper
Altius Minerals Corp.,Diamonds
Anglo American,Diamonds
Arctic Star Exploration Corp.,Diamonds
CanAlaska Uranium Ltd.,Diamonds
Conroy Gold and Natural Resources plc,Diamonds
Diamcor Mining Inc.,Diamonds
Discovery Group,Diamonds
Greg Exploration Inc.,Diamonds
Lundin Group,Diamonds
Moydow Resources Limited,Diamonds
North Arrow Minerals Inc.,Diamonds
Olivut Resources Ltd.,Diamonds
Rio Tinto,Diamonds
RJK Explorations Ltd.,Diamonds
Star Diamond Corporation,Diamonds
Strategic Exploration Group,Diamonds
Talmora Diamond Inc.,Diamonds
Transition Metals Corp.,Diamonds
Tres-Or Resources Ltd.,Diamonds
Windfall Geotek Inc.,Diamonds
Lara Exploration Ltd.,Fertilizers
Montero Mining & Exploration Ltd.,Fertilizers
SQM,Fertilizers
AbraPlata Resource Corp.,Gold
Adamera Minerals Corp.,Gold
Adriatic Metals Plc,Gold
Adventus Mining Corporation,Gold
Affinity Metals  Corp,Gold
Agnico Eagle Mines Limited,Gold
AJN Resources Inc.,Gold
Alacer Gold Corp.,Gold
Alamos Gold Inc.,Gold
Aldebaran Resources Inc.,Gold
Almaden Minerals Ltd.,Gold
Altamira Gold,Gold
Alto Ventures Ltd.,Gold
ALX Resources Corp.,Gold
Amarillo Gold Corp.,Gold
American Creek Resources Ltd.,Gold
Americas Gold and Silver,Gold
Amex Exploration,Gold
Anaconda Mining Inc.,Gold
Andino Commodities S.A.S,Gold
Aquila Resources Inc.,Gold
Ardiden Limited,Gold
Argo Gold,Gold
Argonaut Gold Inc.,Gold
Artemis Gold Inc.,Gold
Artisanal Gold Council,Gold
Asante Gold Corporation,Gold
Ascendant Resources Inc.,Gold
Ascot Resources Ltd.,Gold
Aston Bay,Gold
ATAC Resources Ltd.,Gold
Atlantic Gold Corporation,Gold
Auramex Resource Corp,Gold
Aurania Resources Ltd.,Gold
Aurora Minerals Group LLP,Gold
Aurum Discovery,Gold
AURYN Mining Corp.,Gold
Auryn Resources Inc.,Gold
Avidian Gold Corp.,Gold
Avino Silver & Gold Mines Ltd.,Gold
Awale Resources Ltd.,Gold
Azimut Exploration Inc.,Gold
Azure Minerals Limited,Gold
B2Gold Corp.,Gold
Balmoral Resources Ltd.,Gold
Banyan Gold Corp.,Gold
Barrian Mining Corp,Gold
Barrick Gold Corporation,Gold
BeMetals Corp.,Gold
Benton Resources Inc.,Gold
BlackRock Gold Corp.,Gold
Blackstone Minerals Ltd,Gold
Blue Star Gold Corp.,Gold
Blue Thunder Mining Corp,Gold
BONTERRA Resources Inc.,Gold
Breaker Resources NL,Gold
Brixton Metals Corporation,Gold
BTU Metals Corp.,Gold
BWR Exploration Inc.,Gold
Cabral Gold Ltd.,Gold
Callinex Mines Inc.,Gold
Canarc Resource Corp.,Gold
Cantex Mine Development Corp,Gold
Cardinal Resources Ltd.,Gold
Carube Copper Corp.,Gold
Centerra Gold Inc.,Gold
Century Global Commodities Corporation,Gold
Chakana Copper Corporation,Gold
Chesapeake Gold Corporation,Gold
China Gold International Resources Corp. Ltd.,Gold
Columbus Gold Corp.,Gold
Commander Resources Ltd.,Gold
Condor Gold Plc,Gold
Conroy Gold and Natural Resources plc,Gold
Consulting & Mining Sevices SRL,Gold
Continental Gold Inc.,Gold
Copper Fox Metals Inc.,Gold
Copper Mountain Mining Corporation,Gold
Cornerstone Capital Resources Inc.,Gold
Corvus Gold Inc.,Gold
Crystal Lake Mining,Gold
CVK Mining Group,Gold
Delta Resources Limited,Gold
Desert Gold Ventures Inc.,Gold
Discovery Group,Gold
Dundee Precious Metals Inc.,Gold
Durango Resources Inc.,Gold
Dynacor Gold Mines Inc.,Gold
Dynasty Gold Corp.,Gold
Eagle Plains Resources Ltd.,Gold
Earthmetrix Inc.,Gold
Eastfield Resources Ltd.,Gold
Eclipse Gold Mining Corp,Gold
"EDM-Empresa de Desenvolvimento Mineiro, SA",Gold
Eldorado Gold Corporation,Gold
Ely Gold Royalties Inc.,Gold
EMX Royalty Corp.,Gold
Endurance Gold Corp,Gold
Energold Corp.,Gold
Engineer Gold Mines Ltd,Gold
Entrée Resources Ltd.,Gold
EnviroLeach Technologies Inc.,Gold
Equus Mining Limited,Gold
Eros Resources Corp.,Gold
Evergold Corp,Gold
Evrim Resources Corp.,Gold
Exiro Minerals Corp.,Gold
FireFox Gold Corp.,Gold
First Majestic Silver Corp.,Gold
First Mining Gold Corp.,Gold
Fomicruz S.E.,Gold
Fortune Minerals Limited,Gold
Forum Energy Metals Corp.,Gold
Galleon Gold Corp.,Gold
Galway Metals Inc.,Gold
Garibaldi Resources Corp,Gold
Gatling Exploration Inc.,Gold
Generation Mining Limited,Gold
Genesis Metals,Gold
Geomega Resources Inc.,Gold
Geophysx Jamaica Ltd,Gold
GFG Resources Inc.,Gold
Globe Trotters Resource Group Inc.,Gold
Globex Mining Enterprises Inc.,Gold
Globmine LLP,Gold
GMV Minerals Inc.,Gold
Gold Group Management Inc.,Gold
Gold Springs Resource Corp.,Gold
Gold Terra Resource Corp.,Gold
Golden Arrow Resources,Gold
Golden Goliath Resources Ltd.,Gold
Golden Minerals Company,Gold
Golden Predator Mining Corp.,Gold
Golden Star Resources Limited,Gold
GoldMining Inc.,Gold
Goldmoney Inc.,Gold
GoldQuest Mining Corp.,Gold
Goldsource Mines Inc.,Gold
Goldspot Discoveries Inc.,Gold
Gossan Resources Limited,Gold
Gowest Gold Ltd.,Gold
GR Sliver Mining Ltd.,Gold
Gran Colombia Gold Corp.,Gold
Greg Exploration Inc.,Gold
Grizzly Discoveries Inc.,Gold
GT Gold Corp.,Gold
Hammer Metals Ltd,Gold
Harfang Exploration Inc.,Gold
Harte Gold Corp.,Gold
Hecla Mining Company,Gold
High Power Exploration,Gold
HighGold Mining Inc,Gold
HPQ Silicon Resources,Gold
IAMGOLD Corporation,Gold
Inca One Gold Corp.,Gold
Independence Gold Corp.,Gold
Integra Resources Corp.,Gold
International Millennium Mining Corp.,Gold
Jaguar Mining Inc.,Gold
Japan Gold Corp.,Gold
K92 Mining Inc.,Gold
Kalo Exploration Ltd,Gold
Kerr Mines Inc.,Gold
Kesselrun Resources Ltd.,Gold
Kingsgate Consolidated Limited,Gold
Kinross Gold Corporation,Gold
Kirkland Lake Gold Ltd.,Gold
Kootenay Silver Inc.,Gold
Kopy Goldfields AB,Gold
Kutcho Copper Corp.,Gold
Lara Exploration Ltd.,Gold
Latin Metals Inc.,Gold
Laurion Mineral Exploration Inc.,Gold
Leagold Mining Corporation,Gold
Libero Copper,Gold
Liberty Gold Corp.,Gold
Lion One Metals,Gold
Longland Resources Ltd,Gold
"Lumina Group, The",Gold
Lundin Group,Gold
Mako Mining Corp.,Gold
MANAGEM Group,Gold
Mandalay Resources Corp.,Gold
Manex Resource Group Inc.,Gold
Manitou Gold Inc.,Gold
Marathon Gold Corporation,Gold
Mawson Resources Limited,Gold
Maya Gold & Silver Inc.,Gold
McEwen Mining Inc.,Gold
MegumaGold,Gold
Metallic Group of Companies,Gold
Metals Creek Resources Corp.,Gold
Metals Group Inc.,Gold
Midas Gold Corp.,Gold
Midland Exploration Inc.,Gold
Minaurum Gold Inc.,Gold
Minera Alamos Inc.,Gold
Mineral Mountain Resources Ltd.,Gold
Mira Stone Ltd,Gold
Mirasol Resources Ltd.,Gold
Mississauga Mining,Gold
Monarques Gold Corporation,Gold
Moneta Porcupine Mines Inc.,Gold
Monument Mining Limited,Gold
Morocota Gold SAS,Gold
Moydow Resources Limited,Gold
Mundoro Capital Inc.,Gold
Nevada Exploration Inc.,Gold
New Found Gold Corp,Gold
New Gold Inc.,Gold
Newcrest Mining Ltd.,Gold
Newmont Corporation,Gold
Newrange Gold Corp.,Gold
Nicola Mining Inc.,Gold
NioBay Metals Inc.,Gold
Northern Dynasty Minerals Ltd.,Gold
Northern Shield Resources Inc.,Gold
Northern Superior Resources Inc.,Gold
Northern Vertex Mining Corp.,Gold
Northstar Gold Corp.,Gold
Novagold Resources Inc.,Gold
OceanaGold Corporation,Gold
Opus One Resources Inc.,Gold
Orefinders Resources Inc.,Gold
Orezone Gold Corporation,Gold
Orford Mining Corp.,Gold
Orla Mining Ltd.,Gold
Orsu Metals Corporation,Gold
Orvana Minerals Corp.,Gold
Osino Resources Corp.,Gold
Osisko Gold Royalties Ltd.,Gold
Otso Gold Corp.,Gold
Pacific Empire Minerals Corp.,Gold
Pacific Trends Resources Pty Ltd,Gold
Pacton Gold Inc.,Gold
Palamina Corp.,Gold
Pancontinental Resources Corporation,Gold
Panda Mining Pty Ltd,Gold
Panthera Resources Plc,Gold
Patagonia Exploracion S.A.,Gold
Pavey Ark Minerals Inc.,Gold
Peel Mining Ltd.,Gold
Pelangio Exploration Inc.,Gold
Peloton Minerals Corporation,Gold
Playfair Mining Ltd.,Gold
Portofino Resources Inc.,Gold
PPX Mining Corp.,Gold
Premier Gold Mines Limited,Gold
Privateer Gold,Gold
Probe Metals Inc.,Gold
Prolific Mining Corp.,Gold
Pucara Resources,Gold
Pure Gold Mining,Gold
QMX Gold Corporation,Gold
Radisson Mining Resources Inc.,Gold
Red Cloud Securities Inc.,Gold
Red Metal Resources Ltd.,Gold
Red Pine Exploration Inc.,Gold
Redstar Gold Corp.,Gold
Regulus Resources Inc.,Gold
Renaissance Gold Inc.,Gold
Renforth Resources Inc.,Gold
Reunion Gold Corporation,Gold
Revelo Resources Corp.,Gold
Revival Gold Inc.,Gold
Rio Tinto,Gold
Riverside Resources Inc.,Gold
RJK Explorations Ltd.,Gold
RNC Minerals,Gold
Rockcliff Metals Corporation,Gold
ROKMASTER Resources Corp.,Gold
Romios Gold Resources Inc.,Gold
Roscan Gold Corporation,Gold
Roxgold Inc.,Gold
Royal Canadian Mint,Gold
Royal Road Minerals,Gold
Rugby Mining Limited,Gold
S2 Resources Ltd.,Gold
Sabina Gold & Silver Corp.,Gold
Salazar Resources Limited,Gold
Sandstorm Gold Royalties,Gold
Searchlight Resources Inc.,Gold
SEMAFO Inc.,Gold
Serabi Gold plc,Gold
Serengeti Resources Inc.,Gold
Sierra Metals Inc.,Gold
SilverCrest Metals Inc.,Gold
Sirios Resources Inc.,Gold
Sitka Gold Corp,Gold
Skeena Resources Ltd.,Gold
Skyharbour Resources Ltd.,Gold
Sokoman Minerals Corp.,Gold
SolGold,Gold
Sonoro Metals Corp.,Gold
Sphinx Resources Ltd.,Gold
Spirit Mining LLC,Gold
Sprott Group of Companies,Gold
Starcore International Mines Ltd.,Gold
Steppe Gold Limited,Gold
Stratabound Minerals Corp.,Gold
Strategic Exploration Group,Gold
Stuhini Exploration Ltd.,Gold
Sun Peak Metals,Gold
Talisker Resources,Gold
Tectonic Metals Inc.,Gold
Telson Mining Corporation,Gold
Tempus Resources Limited,Gold
Teranga Gold Corporation,Gold
Tethyan Resource Corp.,Gold
Timberline Resources Corporation,Gold
Transition Metals Corp.,Gold
Treasury Metals Inc.,Gold
Tres-Or Resources Ltd.,Gold
Tri Origin Exploration Ltd.,Gold
Trilogy Metals Inc.,Gold
TriStar Gold Inc.,Gold
Triumph Gold Corp.,Gold
Troilus Gold Corp.,Gold
Tudor Gold Corp.,Gold
Unigold Inc.,Gold
Ur-Energy Inc.,Gold
Valoriza Mineria SL,Gold
Velocity Minerals Ltd.,Gold
Vior Inc.,Gold
Vista Gold Corp.,Gold
Viva Gold Corp.,Gold
Vizsla Resources Corp.,Gold
VR Resources Ltd.,Gold
Wallbridge Mining Company Limited,Gold
Wealth Minerals Ltd.,Gold
Wesdome Gold Mines,Gold
West Red Lake Gold Mines Inc.,Gold
Western Alaska Copper and Gold,Gold
Western Atlas Resources Inc.,Gold
Western Copper and Gold Corporation,Gold
Westhaven Ventures Inc.,Gold
Wheaton Precious Metals Corp.,Gold
White Gold Corp.,Gold
White Rock Minerals,Gold
Wildsky Resources Inc.,Gold
Windfall Geotek Inc.,Gold
Xiana Mining Inc.,Gold
Ximen Mining Corp.,Gold
X-Terra Resources,Gold
Yamana Gold Inc.,Gold
Yorbeau Resources Inc.,Gold
Yukon Mining Alliance,Gold
Zephyr Minerals Ltd.,Gold
Altius Minerals Corp.,Iron ore
Anglo American,Iron ore
BHP,Iron ore
Century Global Commodities Corporation,Iron ore
FPX Nickel Corp.,Iron ore
Mira Stone Ltd,Iron ore
Mississauga Mining,Iron ore
Monument Mining Limited,Iron ore
Mosra Enerji,Iron ore
Panthera Resources Plc,Iron ore
Rio Tinto,Iron ore
Vale Canada Limited,Iron ore
Adriatic Metals Plc,Lead
Adventus Mining Corporation,Lead
Affinity Metals  Corp,Lead
Aftermath Silver Ltd,Lead
Alexco Resource Corp.,Lead
Americas Gold and Silver,Lead
Ascendant Resources Inc.,Lead
Avino Silver & Gold Mines Ltd.,Lead
Azure Minerals Limited,Lead
BeMetals Corp.,Lead
Blind Creek Resources Ltd.,Lead
Cerro de Pasco Resources Inc.,Lead
CVK Mining Group,Lead
Discovery Group,Lead
Eagle Plains Resources Ltd.,Lead
EMX Royalty Corp.,Lead
Geophysx Jamaica Ltd,Lead
Globmine LLP,Lead
Golden Arrow Resources,Lead
GR Sliver Mining Ltd.,Lead
Hecla Mining Company,Lead
International Millennium Mining Corp.,Lead
Klondike Silver Corp.,Lead
Kootenay Silver Inc.,Lead
Lundin Group,Lead
MANAGEM Group,Lead
Manex Resource Group Inc.,Lead
Maya Gold & Silver Inc.,Lead
Metallic Group of Companies,Lead
Mira Stone Ltd,Lead
Murchison Minerals Ltd.,Lead
NorZinc Ltd,Lead
Patagonia Exploracion S.A.,Lead
Peel Mining Ltd.,Lead
Prophecy Development Corp.,Lead
Red Cloud Securities Inc.,Lead
ROKMASTER Resources Corp.,Lead
ScoZinc Mining Ltd.,Lead
Sierra Metals Inc.,Lead
Silvercorp Metals Inc.,Lead
South32 Limited,Lead
Sphinx Resources Ltd.,Lead
Strategic Exploration Group,Lead
Stuhini Exploration Ltd.,Lead
Telson Mining Corporation,Lead
Tethyan Resource Corp.,Lead
Trevali Mining Corporation,Lead
Valoriza Mineria SL,Lead
Western Alaska Copper and Gold,Lead
White Rock Minerals,Lead
Yukon Mining Alliance,Lead
Altius Minerals Corp.,Nickel
ALX Resources Corp.,Nickel
Anglo American,Nickel
Aurum Discovery,Nickel
Balmoral Resources Ltd.,Nickel
BeMetals Corp.,Nickel
BHP,Nickel
Blackstone Minerals Ltd,Nickel
BWR Exploration Inc.,Nickel
Canada Nickel Company,Nickel
CanAlaska Uranium Ltd.,Nickel
Centaurus Metals Ltd,Nickel
Commander Resources Ltd.,Nickel
EMX Royalty Corp.,Nickel
Forum Energy Metals Corp.,Nickel
FPX Nickel Corp.,Nickel
Globex Mining Enterprises Inc.,Nickel
Gossan Resources Limited,Nickel
Harfang Exploration Inc.,Nickel
High Power Exploration,Nickel
Lara Exploration Ltd.,Nickel
Longland Resources Ltd,Nickel
Lundin Group,Nickel
Metallic Group of Companies,Nickel
Midland Exploration Inc.,Nickel
Mira Stone Ltd,Nickel
Murchison Minerals Ltd.,Nickel
Noront Resources Ltd.,Nickel
Northern Shield Resources Inc.,Nickel
Opus One Resources Inc.,Nickel
Orford Mining Corp.,Nickel
Palladium One,Nickel
Pancontinental Resources Corporation,Nickel
Playfair Mining Ltd.,Nickel
PolyMet Mining Corp.,Nickel
Power Ore Inc.,Nickel
Red Cloud Securities Inc.,Nickel
Rio Tinto,Nickel
RNC Minerals,Nickel
Searchlight Resources Inc.,Nickel
South32 Limited,Nickel
SPC Metals,Nickel
Sphinx Resources Ltd.,Nickel
Strategic Exploration Group,Nickel
Talon Metals Corp.,Nickel
Transition Metals Corp.,Nickel
UEX Corporation,Nickel
Vale Canada Limited,Nickel
Valoriza Mineria SL,Nickel
Victory Nickel Inc.,Nickel
Vulcan Minerals Inc.,Nickel
Windfall Geotek Inc.,Nickel
Yukon Mining Alliance,Nickel
BHP,Oil & Gas
Desert Mountain Energy Corp.,Oil & Gas
Fomicruz S.E.,Oil & Gas
Lundin Group,Oil & Gas
Andino Commodities S.A.S,Other
Aranjin Resources Ltd,Other
Ares Strategic Mining Inc.,Other
Blackstone Minerals Ltd,Other
Canadian Securities Exchange,Other
Century Global Commodities Corporation,Other
Constantine Metal Resources Ltd.,Other
CVK Mining Group,Other
Desert Mountain Energy Corp.,Other
Earthmetrix Inc.,Other
Exiro Minerals Corp.,Other
Globex Mining Enterprises Inc.,Other
Gold Group Management Inc.,Other
Goldmoney Inc.,Other
High Power Exploration,Other
HPQ Silicon Resources,Other
Hudson Resources Inc.,Other
Jamaica Stock Exchange,Other
Jameson Resources Limited,Other
Latin Metals Inc.,Other
Market Making Services Inc.,Other
Maya Gold & Silver Inc.,Other
Metals Group Inc.,Other
Mira Stone Ltd,Other
Montero Mining & Exploration Ltd.,Other
"Morefield Gem Mine, Inc.",Other
Neo Lithium Corp.,Other
New Age Metals,Other
NioBay Metals Inc.,Other
Noront Resources Ltd.,Other
Nouveau Monde Graphite,Other
OTC Markets Group,Other
Red Metal Resources Ltd.,Other
Resource Capital Funds,Other
Reunion Gold Corporation,Other
Richardson GMP - Alexandra Horwood,Other
ROKMASTER Resources Corp.,Other
Romios Gold Resources Inc.,Other
Sidex,Other
Spirit Mining LLC,Other
Sprott Group of Companies,Other
SQM,Other
Steppe Gold Limited,Other
Stuhini Exploration Ltd.,Other
Toronto Stock Exchange,Other
Transition Metals Corp.,Other
UEX Corporation,Other
Valoriza Mineria SL,Other
VanadiumCorp Resource Inc.,Other
Victory Nickel Inc.,Other
Vior Inc.,Other
Vulcan Minerals Inc.,Other
Western Uranium & Vanadium Corp.,Other
Zen Graphene Solutions,Other
Zimtu Capital Corp.,Other
Anglo American,PGM
Balmoral Resources Ltd.,PGM
Discovery Group,PGM
Eagle Plains Resources Ltd.,PGM
Eastfield Resources Ltd.,PGM
Forum Energy Metals Corp.,PGM
Generation Mining Limited,PGM
Globex Mining Enterprises Inc.,PGM
Golden Arrow Resources,PGM
Goldspot Discoveries Inc.,PGM
Gossan Resources Limited,PGM
Grid Metals Corp.,PGM
Ivanhoe Mines,PGM
Longland Resources Ltd,PGM
Metallic Group of Companies,PGM
Midland Exploration Inc.,PGM
New Age Metals,PGM
Noront Resources Ltd.,PGM
Northern Shield Resources Inc.,PGM
Orford Mining Corp.,PGM
Pavey Ark Minerals Inc.,PGM
PolyMet Mining Corp.,PGM
Rio Tinto,PGM
SPC Metals,PGM
Transition Metals Corp.,PGM
Wallbridge Mining Company Limited,PGM
Yukon Mining Alliance,PGM
Appia Energy Corp.,REE & electric metals
Ardiden Limited,REE & electric metals
Aurum Discovery,REE & electric metals
Avalon Advanced Materials Inc.,REE & electric metals
Canada Nickel Company,REE & electric metals
Commerce Resources Corp.,REE & electric metals
Critical Elements Corporation,REE & electric metals
Eagle Plains Resources Ltd.,REE & electric metals
Earthmetrix Inc.,REE & electric metals
Endurance Gold Corp,REE & electric metals
Energy Fuels Inc.,REE & electric metals
Exiro Minerals Corp.,REE & electric metals
Focus Graphite Inc.,REE & electric metals
Fortune Minerals Limited,REE & electric metals
Forum Energy Metals Corp.,REE & electric metals
Frontier Lithium Inc.,REE & electric metals
Geomega Resources Inc.,REE & electric metals
Geophysx Jamaica Ltd,REE & electric metals
Globex Mining Enterprises Inc.,REE & electric metals
Go Metals Corp.,REE & electric metals
Golden Arrow Resources,REE & electric metals
Gossan Resources Limited,REE & electric metals
Hammer Metals Ltd,REE & electric metals
ioneer,REE & electric metals
Largo Resources Ltd.,REE & electric metals
Leading Edge Materials Corp.,REE & electric metals
Lepidico Ltd.,REE & electric metals
Lomiko Metals Inc.,REE & electric metals
Millennial Lithium Corp.,REE & electric metals
Mira Stone Ltd,REE & electric metals
Mkango Resources,REE & electric metals
Montero Mining & Exploration Ltd.,REE & electric metals
"Morefield Gem Mine, Inc.",REE & electric metals
Neo Lithium Corp.,REE & electric metals
NioBay Metals Inc.,REE & electric metals
Northern Graphite Corporation,REE & electric metals
Oro Verde Limited,REE & electric metals
Pancontinental Resources Corporation,REE & electric metals
Patagonia Exploracion S.A.,REE & electric metals
Plateau Energy Metals Inc.,REE & electric metals
Portofino Resources Inc.,REE & electric metals
Power Ore Inc.,REE & electric metals
Red Metal Resources Ltd.,REE & electric metals
Rio Tinto,REE & electric metals
Sayona Mining Limited,REE & electric metals
Searchlight Resources Inc.,REE & electric metals
Ucore Rare Metals Inc.,REE & electric metals
VanadiumCorp Resource Inc.,REE & electric metals
Wealth Minerals Ltd.,REE & electric metals
Wheaton Precious Metals Corp.,REE & electric metals
Zen Graphene Solutions,REE & electric metals
AbraPlata Resource Corp.,Silver
Adriatic Metals Plc,Silver
Adventus Mining Corporation,Silver
Affinity Metals  Corp,Silver
Alexco Resource Corp.,Silver
Almaden Minerals Ltd.,Silver
Altius Minerals Corp.,Silver
American Creek Resources Ltd.,Silver
Americas Gold and Silver,Silver
Aquila Resources Inc.,Silver
Argonaut Gold Inc.,Silver
Ascendant Resources Inc.,Silver
Ascot Resources Ltd.,Silver
ATAC Resources Ltd.,Silver
Auramex Resource Corp,Silver
Aurania Resources Ltd.,Silver
Aurora Minerals Group LLP,Silver
AURYN Mining Corp.,Silver
Auryn Resources Inc.,Silver
Avino Silver & Gold Mines Ltd.,Silver
Awale Resources Ltd.,Silver
Azure Minerals Limited,Silver
BeMetals Corp.,Silver
BlackRock Gold Corp.,Silver
Blind Creek Resources Ltd.,Silver
Brixton Metals Corporation,Silver
BTU Metals Corp.,Silver
Callinex Mines Inc.,Silver
Cerro de Pasco Resources Inc.,Silver
Chakana Copper Corporation,Silver
Chesapeake Gold Corporation,Silver
Constantine Metal Resources Ltd.,Silver
Consulting & Mining Sevices SRL,Silver
Copper Mountain Mining Corporation,Silver
Corvus Gold Inc.,Silver
Crystal Lake Mining,Silver
CVK Mining Group,Silver
Defiance Silver Corp.,Silver
Discovery Group,Silver
Eagle Plains Resources Ltd.,Silver
Eastfield Resources Ltd.,Silver
Eclipse Gold Mining Corp,Silver
"EDM-Empresa de Desenvolvimento Mineiro, SA",Silver
Ely Gold Royalties Inc.,Silver
EMX Royalty Corp.,Silver
Equus Mining Limited,Silver
Eros Resources Corp.,Silver
Evrim Resources Corp.,Silver
First Majestic Silver Corp.,Silver
Fomicruz S.E.,Silver
Forum Energy Metals Corp.,Silver
Galway Metals Inc.,Silver
Geophysx Jamaica Ltd,Silver
Globe Trotters Resource Group Inc.,Silver
Globex Mining Enterprises Inc.,Silver
Gold Group Management Inc.,Silver
Golden Arrow Resources,Silver
Golden Minerals Company,Silver
Goldmoney Inc.,Silver
Goldspot Discoveries Inc.,Silver
GR Sliver Mining Ltd.,Silver
GT Gold Corp.,Silver
Hecla Mining Company,Silver
High Power Exploration,Silver
Impact Silver Corp.,Silver
Integra Resources Corp.,Silver
International Millennium Mining Corp.,Silver
Klondike Silver Corp.,Silver
Kootenay Silver Inc.,Silver
Kutcho Copper Corp.,Silver
Latin Metals Inc.,Silver
Laurion Mineral Exploration Inc.,Silver
Lundin Group,Silver
Mako Mining Corp.,Silver
MANAGEM Group,Silver
Manex Resource Group Inc.,Silver
Maya Gold & Silver Inc.,Silver
McEwen Mining Inc.,Silver
Metallic Group of Companies,Silver
Metals Group Inc.,Silver
Midland Exploration Inc.,Silver
Minaurum Gold Inc.,Silver
Mira Stone Ltd,Silver
Mirasol Resources Ltd.,Silver
Murchison Minerals Ltd.,Silver
New Found Gold Corp,Silver
New Gold Inc.,Silver
New Pacific Metals Corp.,Silver
Newcrest Mining Ltd.,Silver
Newmont Corporation,Silver
Newrange Gold Corp.,Silver
Nicola Mining Inc.,Silver
Northern Dynasty Minerals Ltd.,Silver
NorZinc Ltd,Silver
Opus One Resources Inc.,Silver
Pacific Trends Resources Pty Ltd,Silver
Patagonia Exploracion S.A.,Silver
Peel Mining Ltd.,Silver
Power Ore Inc.,Silver
PPX Mining Corp.,Silver
Premier Gold Mines Limited,Silver
Prophecy Development Corp.,Silver
Red Cloud Securities Inc.,Silver
Redstar Gold Corp.,Silver
Regulus Resources Inc.,Silver
Renaissance Gold Inc.,Silver
Revelo Resources Corp.,Silver
Rio Tinto,Silver
Riverside Resources Inc.,Silver
Rockcliff Metals Corporation,Silver
ROKMASTER Resources Corp.,Silver
Romios Gold Resources Inc.,Silver
Royal Canadian Mint,Silver
Rugby Mining Limited,Silver
Sabina Gold & Silver Corp.,Silver
Sandstorm Gold Royalties,Silver
Sierra Metals Inc.,Silver
Silver Bear Resources Plc.,Silver
Silver One Resources,Silver
Silvercorp Metals Inc.,Silver
SilverCrest Metals Inc.,Silver
Sitka Gold Corp,Silver
Skeena Resources Ltd.,Silver
Sonoro Metals Corp.,Silver
South32 Limited,Silver
Sphinx Resources Ltd.,Silver
Spirit Mining LLC,Silver
Sprott Group of Companies,Silver
Steppe Gold Limited,Silver
Strategic Exploration Group,Silver
Stuhini Exploration Ltd.,Silver
Telson Mining Corporation,Silver
Tempus Resources Limited,Silver
Timberline Resources Corporation,Silver
Tinka Resources Limited,Silver
Trevali Mining Corporation,Silver
Trilogy Metals Inc.,Silver
Vizsla Resources Corp.,Silver
VR Resources Ltd.,Silver
Western Alaska Copper and Gold,Silver
Westhaven Ventures Inc.,Silver
Wheaton Precious Metals Corp.,Silver
White Rock Minerals,Silver
Windfall Geotek Inc.,Silver
Ximen Mining Corp.,Silver
Yukon Mining Alliance,Silver
ALX Resources Corp.,Uranium
Appia Energy Corp.,Uranium
BHP,Uranium
CanAlaska Uranium Ltd.,Uranium
Denison Mines Corp.,Uranium
Discovery Group,Uranium
Eagle Plains Resources Ltd.,Uranium
Energy Fuels Inc.,Uranium
Fission Uranium Corp.,Uranium
Fomicruz S.E.,Uranium
Forum Energy Metals Corp.,Uranium
Golden Arrow Resources,Uranium
IsoEnergy Ltd.,Uranium
Lundin Group,Uranium
Maya Gold & Silver Inc.,Uranium
Plateau Energy Metals Inc.,Uranium
Purepoint Uranium Group Inc.,Uranium
Red Cloud Securities Inc.,Uranium
Rio Tinto,Uranium
Skyharbour Resources Ltd.,Uranium
UEX Corporation,Uranium
Uranium Energy Corp.,Uranium
Ur-Energy Inc.,Uranium
Western Uranium & Vanadium Corp.,Uranium
Adriatic Metals Plc,Zinc
Adventus Mining Corporation,Zinc
Affinity Metals  Corp,Zinc
Aftermath Silver Ltd,Zinc
Alexco Resource Corp.,Zinc
American Creek Resources Ltd.,Zinc
Americas Gold and Silver,Zinc
Aquila Resources Inc.,Zinc
Ascendant Resources Inc.,Zinc
ATAC Resources Ltd.,Zinc
Auramex Resource Corp,Zinc
Aurum Discovery,Zinc
Avino Silver & Gold Mines Ltd.,Zinc
Azure Minerals Limited,Zinc
BeMetals Corp.,Zinc
Blind Creek Resources Ltd.,Zinc
BWR Exploration Inc.,Zinc
Callinex Mines Inc.,Zinc
CanAlaska Uranium Ltd.,Zinc
Cerro de Pasco Resources Inc.,Zinc
Chesapeake Gold Corporation,Zinc
Commander Resources Ltd.,Zinc
Constantine Metal Resources Ltd.,Zinc
CVK Mining Group,Zinc
Discovery Group,Zinc
Eagle Plains Resources Ltd.,Zinc
Eastfield Resources Ltd.,Zinc
"EDM-Empresa de Desenvolvimento Mineiro, SA",Zinc
EMX Royalty Corp.,Zinc
Exiro Minerals Corp.,Zinc
Foran Mining Corporation,Zinc
Galway Metals Inc.,Zinc
Geophysx Jamaica Ltd,Zinc
Globe Trotters Resource Group Inc.,Zinc
Globex Mining Enterprises Inc.,Zinc
Globmine LLP,Zinc
Golden Arrow Resources,Zinc
Gossan Resources Limited,Zinc
GR Sliver Mining Ltd.,Zinc
Hecla Mining Company,Zinc
International Millennium Mining Corp.,Zinc
Klondike Silver Corp.,Zinc
Kootenay Silver Inc.,Zinc
Kutcho Copper Corp.,Zinc
Laurion Mineral Exploration Inc.,Zinc
MANAGEM Group,Zinc
Manex Resource Group Inc.,Zinc
Maya Gold & Silver Inc.,Zinc
Metallic Group of Companies,Zinc
Midland Exploration Inc.,Zinc
Mira Stone Ltd,Zinc
Murchison Minerals Ltd.,Zinc
Newmont Corporation,Zinc
Nexa Resources S.A.,Zinc
Noront Resources Ltd.,Zinc
NorZinc Ltd,Zinc
Opus One Resources Inc.,Zinc
Osisko Metals Incorporated,Zinc
Pacific Trends Resources Pty Ltd,Zinc
Patagonia Exploracion S.A.,Zinc
Peel Mining Ltd.,Zinc
Prophecy Development Corp.,Zinc
Red Cloud Securities Inc.,Zinc
Rio Tinto,Zinc
Rockcliff Metals Corporation,Zinc
ROKMASTER Resources Corp.,Zinc
ScoZinc Mining Ltd.,Zinc
Sierra Metals Inc.,Zinc
Silvercorp Metals Inc.,Zinc
Solitario Zinc Corp.,Zinc
South32 Limited,Zinc
Sphinx Resources Ltd.,Zinc
Spirit Mining LLC,Zinc
Strategic Exploration Group,Zinc
Stuhini Exploration Ltd.,Zinc
Sun Peak Metals,Zinc
Teck Resources Limited,Zinc
Telson Mining Corporation,Zinc
Tethyan Resource Corp.,Zinc
Tinka Resources Limited,Zinc
Transition Metals Corp.,Zinc
Trevali Mining Corporation,Zinc
Trilogy Metals Inc.,Zinc
Ubique Minerals Ltd.,Zinc
Valoriza Mineria SL,Zinc
Western Alaska Copper and Gold,Zinc
White Rock Minerals,Zinc
Windfall Geotek Inc.,Zinc
Yorbeau Resources Inc.,Zinc
Yukon Mining Alliance,Zinc
ZincX Resources Corp.,Zinc
